tmin,tmax,Tmin,Tmax
0.000000,5.500000,0.000000,0.199998
5.500000,13.500000,0.431402,1.000000
13.500000,21.500000,0.199998,0.431402
